{"n": 1, "x_upper_limit": 47.263722350730305, "x_lower_limit": 35.569610982603024, "x_center_line": 41.416666666666664, "r_upper_limit": 5.642191496972727, "r_lower_limit": 0, "r_center_line": 1.7272727272727273, "title": "individuals chart", "x_title": "values", "r_title": "moving range"}